{"cameraMode":{"drawMode":0,"name":"Shaded","section":"Shading Mode"},"sceneLighting":true,"audioPlay":false,"sceneViewState":{"showFog":false,"showMaterialUpdate":false,"showSkybox":false,"showFlares":false,"showImageEffects":false,"showParticleSystems":false},"in2DMode":false,"pivot":{"x":-0.24029433727264405,"y":1.0682415962219239,"z":18.270709991455079},"rotation":{"x":0.16869057714939118,"y":-0.0008838094654493034,"z":0.00014963418652769178,"w":0.985676646232605},"size":6.785684108734131,"orthographic":false}