{"cameraMode":{"drawMode":0,"name":"Shaded","section":"Shading Mode"},"sceneLighting":false,"audioPlay":false,"sceneViewState":{"showFog":true,"showMaterialUpdate":true,"showSkybox":false,"showFlares":true,"showImageEffects":true,"showParticleSystems":true},"in2DMode":false,"pivot":{"x":-1.1427284479141236,"y":0.6952686309814453,"z":6.914783000946045},"rotation":{"x":-0.049643341451883319,"y":0.0769273117184639,"z":-0.003826174419373274,"w":-0.9958053231239319},"size":6.359423637390137,"orthographic":false}