{"cameraMode":{"drawMode":0,"name":"Shaded","section":"Shading Mode"},"sceneLighting":true,"audioPlay":false,"sceneViewState":{"showFog":true,"showMaterialUpdate":false,"showSkybox":true,"showFlares":true,"showImageEffects":true,"showParticleSystems":true},"in2DMode":false,"pivot":{"x":-7.796695709228516,"y":-1.7460441589355469,"z":14.762603759765625},"rotation":{"x":-0.1505550742149353,"y":0.7768473625183106,"z":-0.20276139676570893,"w":-0.5768272280693054},"size":19.35282325744629,"orthographic":false}