{"cameraMode":{"drawMode":0,"name":"Shaded","section":"Shading Mode"},"sceneLighting":true,"audioPlay":false,"sceneViewState":{"showFog":false,"showMaterialUpdate":false,"showSkybox":false,"showFlares":false,"showImageEffects":false,"showParticleSystems":false},"in2DMode":false,"pivot":{"x":-1.2191696166992188,"y":-0.48412132263183596,"z":18.8212890625},"rotation":{"x":-0.3913695216178894,"y":0.23809824883937837,"z":-0.10544957220554352,"w":-0.8826838135719299},"size":6.051556587219238,"orthographic":false}