{"cameraMode":{"drawMode":0,"name":"Shaded","section":"Shading Mode"},"sceneLighting":false,"audioPlay":false,"sceneViewState":{"showFog":true,"showMaterialUpdate":true,"showSkybox":false,"showFlares":true,"showImageEffects":true,"showParticleSystems":true},"in2DMode":false,"pivot":{"x":0.5333151817321777,"y":7.02944278717041,"z":10.022263526916504},"rotation":{"x":-0.3788742423057556,"y":0.17687785625457765,"z":-0.07399828732013703,"w":-0.9054123163223267},"size":8.686235427856446,"orthographic":false}