{"cameraMode":{"drawMode":0,"name":"Shaded","section":"Shading Mode"},"sceneLighting":false,"audioPlay":false,"sceneViewState":{"showFog":true,"showMaterialUpdate":true,"showSkybox":false,"showFlares":true,"showImageEffects":true,"showParticleSystems":true},"in2DMode":false,"pivot":{"x":1.2820156812667847,"y":-1.198249340057373,"z":2.4074902534484865},"rotation":{"x":0.2708267271518707,"y":-0.040415722876787189,"z":0.011381400749087334,"w":0.9617127180099487},"size":5.178022384643555,"orthographic":false}