{"cameraMode":{"drawMode":0,"name":"Shaded","section":"Shading Mode"},"sceneLighting":true,"audioPlay":false,"sceneViewState":{"showFog":true,"showMaterialUpdate":true,"showSkybox":true,"showFlares":true,"showImageEffects":true,"showParticleSystems":true},"in2DMode":false,"pivot":{"x":-0.04884636402130127,"y":2.1995887756347658,"z":2.141375780105591},"rotation":{"x":-0.35600700974464419,"y":0.10258664935827255,"z":-0.03935316577553749,"w":-0.9280102849006653},"size":5.589456558227539,"orthographic":false}