{"cameraMode":{"drawMode":0,"name":"Shaded","section":"Shading Mode"},"sceneLighting":false,"audioPlay":false,"sceneViewState":{"showFog":true,"showMaterialUpdate":true,"showSkybox":false,"showFlares":true,"showImageEffects":true,"showParticleSystems":true},"in2DMode":false,"pivot":{"x":0.5297713279724121,"y":-0.8412642478942871,"z":2.888625144958496},"rotation":{"x":0.24609574675559998,"y":0.05085761100053787,"z":-0.012931988574564457,"w":0.9678261280059815},"size":10.345048904418946,"orthographic":false}