{"cameraMode":{"drawMode":0,"name":"Shaded","section":"Shading Mode"},"sceneLighting":false,"audioPlay":false,"sceneViewState":{"showFog":true,"showMaterialUpdate":true,"showSkybox":false,"showFlares":true,"showImageEffects":true,"showParticleSystems":true},"in2DMode":false,"pivot":{"x":-1.9649643898010255,"y":-5.365130424499512,"z":33.28807830810547},"rotation":{"x":-0.1544225513935089,"y":0.2610084116458893,"z":-0.04233146086335182,"w":-0.9519779682159424},"size":4.260389804840088,"orthographic":false}