{"cameraMode":{"drawMode":0,"name":"Shaded","section":"Shading Mode"},"sceneLighting":false,"audioPlay":false,"sceneViewState":{"showFog":true,"showMaterialUpdate":true,"showSkybox":false,"showFlares":true,"showImageEffects":true,"showParticleSystems":true},"in2DMode":false,"pivot":{"x":-1.390275001525879,"y":-6.240264892578125,"z":9.07086181640625},"rotation":{"x":-0.3600667417049408,"y":0.5673432350158691,"z":-0.3021121025085449,"w":-0.6761811375617981},"size":11.546524047851563,"orthographic":false}