{"cameraMode":{"drawMode":0,"name":"Shaded","section":"Shading Mode"},"sceneLighting":false,"audioPlay":false,"sceneViewState":{"showFog":true,"showMaterialUpdate":true,"showSkybox":false,"showFlares":true,"showImageEffects":true,"showParticleSystems":true},"in2DMode":false,"pivot":{"x":-1.2902240753173829,"y":-0.9819202423095703,"z":0.6360692977905273},"rotation":{"x":0.21268776059150697,"y":-0.43374523520469668,"z":0.10614512115716934,"w":0.869118869304657},"size":4.7349853515625,"orthographic":false}