{"cameraMode":{"drawMode":0,"name":"Shaded","section":"Shading Mode"},"sceneLighting":true,"audioPlay":false,"sceneViewState":{"showFog":true,"showMaterialUpdate":true,"showSkybox":true,"showFlares":true,"showImageEffects":true,"showParticleSystems":true},"in2DMode":false,"pivot":{"x":0.15239334106445313,"y":-6.14617919921875,"z":36.21977615356445},"rotation":{"x":-0.20389951765537263,"y":0.1340641975402832,"z":-0.028176583349704744,"w":-0.9694004654884338},"size":39.56549835205078,"orthographic":false}