{"cameraMode":{"drawMode":0,"name":"Shaded","section":"Shading Mode"},"sceneLighting":true,"audioPlay":false,"sceneViewState":{"showFog":true,"showMaterialUpdate":true,"showSkybox":true,"showFlares":true,"showImageEffects":true,"showParticleSystems":true},"in2DMode":false,"pivot":{"x":13.134285926818848,"y":20.746109008789064,"z":24.379480361938478},"rotation":{"x":0.40884172916412356,"y":-0.4448334574699402,"z":0.2392735481262207,"w":0.7600818872451782},"size":2.316617488861084,"orthographic":false}