{"cameraMode":{"drawMode":0,"name":"Shaded","section":"Shading Mode"},"sceneLighting":true,"audioPlay":false,"sceneViewState":{"showFog":false,"showMaterialUpdate":false,"showSkybox":false,"showFlares":false,"showImageEffects":false,"showParticleSystems":false},"in2DMode":false,"pivot":{"x":0.10900223255157471,"y":-0.1066141128540039,"z":1.0775227546691895},"rotation":{"x":-0.4078110456466675,"y":0.08153253048658371,"z":-0.036456551402807239,"w":-0.9087499380111694},"size":1.700129508972168,"orthographic":false}