{"cameraMode":{"drawMode":0,"name":"Shaded","section":"Shading Mode"},"sceneLighting":false,"audioPlay":false,"sceneViewState":{"showFog":true,"showMaterialUpdate":true,"showSkybox":false,"showFlares":true,"showImageEffects":true,"showParticleSystems":true},"in2DMode":false,"pivot":{"x":-3.5456953048706056,"y":-0.38985347747802737,"z":-3.2487635612487795},"rotation":{"x":0.12977857887744904,"y":-0.7196503281593323,"z":0.1398961991071701,"w":0.6676041483879089},"size":5.934986114501953,"orthographic":false}