{"cameraMode":{"drawMode":0,"name":"Shaded","section":"Shading Mode"},"sceneLighting":false,"audioPlay":false,"sceneViewState":{"showFog":true,"showMaterialUpdate":true,"showSkybox":false,"showFlares":true,"showImageEffects":true,"showParticleSystems":true},"in2DMode":false,"pivot":{"x":0.24505996704101563,"y":2.0598456859588625,"z":9.573589324951172},"rotation":{"x":-0.0014670457458123565,"y":0.20845963060855866,"z":0.00031269004102796316,"w":0.978029727935791},"size":4.5094990730285648,"orthographic":false}