{"cameraMode":{"drawMode":0,"name":"Shaded","section":"Shading Mode"},"sceneLighting":false,"audioPlay":false,"sceneViewState":{"showFog":true,"showMaterialUpdate":true,"showSkybox":false,"showFlares":true,"showImageEffects":true,"showParticleSystems":true},"in2DMode":false,"pivot":{"x":-0.06888632476329804,"y":-6.736211776733398,"z":8.224913597106934},"rotation":{"x":-0.3609704077243805,"y":-0.00503771984949708,"z":0.001952126040123403,"w":-0.9325719475746155},"size":12.326682090759278,"orthographic":false}