{"cameraMode":{"drawMode":0,"name":"Shaded","section":"Shading Mode"},"sceneLighting":true,"audioPlay":false,"sceneViewState":{"showFog":false,"showMaterialUpdate":false,"showSkybox":false,"showFlares":false,"showImageEffects":false,"showParticleSystems":false},"in2DMode":false,"pivot":{"x":-32.09123992919922,"y":-22.943185806274415,"z":32.18100357055664},"rotation":{"x":0.2494209259748459,"y":-0.6757228374481201,"z":0.26247718930244448,"w":0.6421135663986206},"size":39.625587463378909,"orthographic":false}