{"cameraMode":{"drawMode":0,"name":"Shaded","section":"Shading Mode"},"sceneLighting":false,"audioPlay":false,"sceneViewState":{"showFog":true,"showMaterialUpdate":true,"showSkybox":false,"showFlares":true,"showImageEffects":true,"showParticleSystems":true},"in2DMode":false,"pivot":{"x":-1.3417563438415528,"y":3.11201810836792,"z":6.98362922668457},"rotation":{"x":0.008659816347062588,"y":0.08150510489940644,"z":0.00071725930320099,"w":-0.9966477155685425},"size":5.6260986328125,"orthographic":false}