{"cameraMode":{"drawMode":0,"name":"Shaded","section":"Shading Mode"},"sceneLighting":false,"audioPlay":false,"sceneViewState":{"showFog":true,"showMaterialUpdate":true,"showSkybox":false,"showFlares":true,"showImageEffects":true,"showParticleSystems":true},"in2DMode":false,"pivot":{"x":-2.8460025787353517,"y":2.965052604675293,"z":52.29154968261719},"rotation":{"x":-0.12426376342773438,"y":0.6542747616767883,"z":-0.11013484001159668,"w":-0.737861692905426},"size":6.419229984283447,"orthographic":false}