{"cameraMode":{"drawMode":0,"name":"Shaded","section":"Shading Mode"},"sceneLighting":false,"audioPlay":false,"sceneViewState":{"showFog":true,"showMaterialUpdate":true,"showSkybox":false,"showFlares":true,"showImageEffects":true,"showParticleSystems":true},"in2DMode":false,"pivot":{"x":-0.04884636402130127,"y":2.1995887756347658,"z":2.141375780105591},"rotation":{"x":-0.24590018391609193,"y":0.7486645579338074,"z":-0.380117267370224,"w":-0.4843181371688843},"size":0.8660253882408142,"orthographic":false}