{"cameraMode":{"drawMode":0,"name":"Shaded","section":"Shading Mode"},"sceneLighting":false,"audioPlay":false,"sceneViewState":{"showFog":true,"showMaterialUpdate":true,"showSkybox":false,"showFlares":true,"showImageEffects":true,"showParticleSystems":true},"in2DMode":false,"pivot":{"x":-2.2747459411621095,"y":2.090625762939453,"z":21.23870277404785},"rotation":{"x":-0.24542322754859925,"y":0.35680314898490908,"z":-0.09768722206354141,"w":-0.8961032629013062},"size":11.523805618286133,"orthographic":false}